{"static_0": {"case_id": 0.0, "actualdpdtolerance_344P": 0.2739117135186014, "amtinstpaidbefduel24m_4187115A": 0.367547024967102, "annuity_780A": 0.0, "annuitynextmonth_57A": 2.620049008016695e-06, "applicationcnt_361L": 0.0, "applications30d_658L": 0.0, "applicationscnt_1086L": 0.0, "applicationscnt_464L": 0.0, "applicationscnt_629L": 0.0, "applicationscnt_867L": 0.0, "avgdbddpdlast24m_3658932P": 0.4016607180637314, "avgdbddpdlast3m_4187120P": 0.6211232281099818, "avgdbdtollast24m_4525197P": 0.6372194991907324, "avgdpdtolclosure24_3658938P": 0.3060092789035619, "avginstallast24m_3658937A": 0.4093066760813761, "avglnamtstart24m_4525187A": 0.8935506838655417, "avgmaxdpdlast9m_3716943P": 0.4958580300244516, "avgoutstandbalancel6m_4187114A": 0.550992376312399, "avgpmtlast12m_4525200A": 0.6726975828082864, "bankacctype_710L": 0.7268317253874234, "cardtype_51L": 0.8744387363765639, "clientscnt12m_3712952L": 0.0, "clientscnt3m_3712950L": 0.0, "clientscnt6m_3712949L": 0.0, "clientscnt_100L": 0.0, "clientscnt_1022L": 0.0, "clientscnt_1071L": 0.0, "clientscnt_1130L": 0.0, "clientscnt_136L": 0.9997268598909143, "clientscnt_157L": 0.0, "clientscnt_257L": 0.0, "clientscnt_304L": 0.0, "clientscnt_360L": 0.0, "clientscnt_493L": 0.0, "clientscnt_533L": 0.0, "clientscnt_887L": 0.0, "clientscnt_946L": 0.0, "cntincpaycont9m_3716944L": 0.2981589570632919, "cntpmts24_3658933L": 0.30184798606657937, "commnoinclast6m_3546845L": 0.22491483203193316, "credamount_770A": 0.0, "credtype_322L": 6.550122520041737e-07, "currdebt_22A": 2.620049008016695e-06, "currdebtcredtyperange_828A": 2.620049008016695e-06, "datefirstoffer_1144D": 0.5461151550839759, "datelastinstal40dpd_247D": 0.9123456054245495, "datelastunpaid_3546854D": 0.581436690773301, "daysoverduetolerancedd_3976961L": 0.29645854525708903, "deferredmnthsnum_166L": 1.7030318552108517e-05, "disbursedcredamount_1113A": 0.0, "disbursementtype_67L": 0.0005705156714956353, "downpmt_116A": 0.0, "dtlastpmtallstes_4499206D": 0.6400373618988543, "eir_270L": 0.1249992631112165, "equalitydataagreement_891L": 0.9488887389638623, "equalityempfrom_62L": 0.9752326767272181, "firstclxcampaign_1125D": 0.5628055222772942, "firstdatedue_489D": 0.3157873018014802, "homephncnt_628L": 0.0, "inittransactionamount_650A": 0.8740385238905893, "inittransactioncode_186L": 6.550122520041737e-07, "interestrate_311L": 0.1249992631112165, "interestrategrace_34L": 0.9863213791413968, "isbidproduct_1095L": 0.0, "isbidproductrequest_292L": 0.991838547340028, "isdebitcard_729L": 0.8740214935720373, "lastactivateddate_801D": 0.2971089724233292, "lastapplicationdate_877D": 0.19986847353979756, "lastapprcommoditycat_1041M": 0.0, "lastapprcommoditytypec_5251766M": 0.0, "lastapprcredamount_781A": 0.289546200961689, "lastapprdate_640D": 0.289546200961689, "lastcancelreason_561M": 0.0, "lastdelinqdate_224D": 0.6405967423620659, "lastdependentsnum_448L": 0.9806660033575928, "lastotherinc_902A": 0.9979982825578753, "lastotherlnsexpense_631A": 0.9979969725333713, "lastrejectcommoditycat_161M": 0.0, "lastrejectcommodtypec_5251769M": 0.0, "lastrejectcredamount_222A": 0.5037384824283139, "lastrejectdate_50D": 0.5037384824283139, "lastrejectreason_759M": 0.0, "lastrejectreasonclient_4145040M": 0.0, "lastrepayingdate_696D": 0.9984430358769861, "lastst_736L": 0.19986847353979756, "maininc_215A": 0.33488549403316586, "mastercontrelectronic_519L": 0.20044619434606525, "mastercontrexist_109L": 0.20044619434606525, "maxannuity_159A": 0.20044619434606525, "maxannuity_4075009A": 0.950262954668567, "maxdbddpdlast1m_3658939P": 0.6294490888452069, "maxdbddpdtollast12m_3658940P": 0.46212227899722863, "maxdbddpdtollast6m_4187119P": 0.5739819963332414, "maxdebt4_972A": 0.20044619434606525, "maxdpdfrom6mto36m_3546853P": 0.22491483203193316, "maxdpdinstldate_3546855D": 0.5410473252902196, "maxdpdinstlnum_3546846P": 0.5432763319837898, "maxdpdlast12m_727P": 0.20044619434606525, "maxdpdlast24m_143P": 0.20044619434606525, "maxdpdlast3m_392P": 0.20044619434606525, "maxdpdlast6m_474P": 0.20044619434606525, "maxdpdlast9m_1059P": 0.20044619434606525, "maxdpdtolerance_374P": 0.20044619434606525, "maxinstallast24m_3658928A": 0.4093066760813761, "maxlnamtstart6m_4525199A": 0.676541194703047, "maxoutstandbalancel12m_4187113A": 0.5023747469196411, "maxpmtlast3m_4525190A": 0.7397367767764096, "mindbddpdlast24m_3658935P": 0.4016607180637314, "mindbdtollast24m_4525191P": 0.6372194991907324, "mobilephncnt_593L": 0.0, "monthsannuity_845L": 0.29645789024483704, "numactivecreds_622L": 0.0, "numactivecredschannel_414L": 0.0, "numactiverelcontr_750L": 0.0, "numcontrs3months_479L": 0.0, "numincomingpmts_3546848L": 0.2980875607278234, "numinstlallpaidearly3d_817L": 0.29192258541196014, "numinstls_657L": 2.620049008016695e-06, "numinstlsallpaid_934L": 0.29192258541196014, "numinstlswithdpd10_728L": 0.2990137480521573, "numinstlswithdpd5_4187116L": 0.367547024967102, "numinstlswithoutdpd_562L": 0.2990137480521573, "numinstmatpaidtearly2d_4499204L": 0.5549244148611799, "numinstpaid_4499208L": 0.5549244148611799, "numinstpaidearly3d_3546850L": 0.2927832715110936, "numinstpaidearly3dest_4493216L": 0.5506373596718127, "numinstpaidearly5d_1087L": 0.29645789024483704, "numinstpaidearly5dest_4493211L": 0.5506373596718127, "numinstpaidearly5dobd_4499205L": 0.5549244148611799, "numinstpaidearly_338L": 0.29645789024483704, "numinstpaidearlyest_4493214L": 0.5506373596718127, "numinstpaidlastcontr_4325080L": 0.438328958943177, "numinstpaidlate1d_3546852L": 0.29645789024483704, "numinstregularpaid_973L": 0.29843537223363764, "numinstregularpaidest_4493210L": 0.5506373596718127, "numinsttopaygr_769L": 0.29645854525708903, "numinsttopaygrest_4493213L": 0.5506373596718127, "numinstunpaidmax_3546851L": 0.29645854525708903, "numinstunpaidmaxest_4493212L": 0.5506373596718127, "numnotactivated_1143L": 0.0, "numpmtchanneldd_318L": 0.0, "numrejects9m_859L": 0.0, "opencred_647L": 0.19986847353979756, "paytype1st_925L": 0.038381752930688566, "paytype_783L": 0.038381752930688566, "payvacationpostpone_4187118D": 0.9938887356888011, "pctinstlsallpaidearl3d_427L": 0.3004829405334027, "pctinstlsallpaidlat10d_839L": 0.3022016926826616, "pctinstlsallpaidlate1d_3546856L": 0.3004829405334027, "pctinstlsallpaidlate4d_3546849L": 0.30119624887583524, "pctinstlsallpaidlate6d_3546844L": 0.30136131196334026, "pmtnum_254L": 0.029446730801099635, "posfpd10lastmonth_333P": 0.05143614711313175, "posfpd30lastmonth_3976960P": 0.08638956591683047, "posfstqpd30lastmonth_3976962P": 0.11863843913200396, "previouscontdistrict_112M": 0.0, "price_1097A": 0.14623214027218379, "sellerplacecnt_915L": 0.0, "sellerplacescnt_216L": 0.0, "sumoutstandtotal_3546847A": 0.29169398613601066, "sumoutstandtotalest_4493215A": 0.5506373596718127, "totaldebt_9A": 1.965036756012521e-06, "totalsettled_863A": 2.620049008016695e-06, "totinstallast1m_4525188A": 0.7691343816586089, "twobodfilling_608L": 5.960611493237981e-05, "typesuite_864L": 0.7346158909902409, "validfrom_1069D": 0.9005868254765705}, "static_cb_0": {"case_id": 0.0, "assignmentdate_238D": 0.9086989148849106, "assignmentdate_4527235D": 0.923372827203986, "assignmentdate_4955616D": 0.95225746858018, "birthdate_574D": 0.5948839242752015, "contractssum_5085716L": 0.8951419740004238, "dateofbirth_337D": 0.0764985478038449, "dateofbirth_342D": 0.9756745481130781, "days120_123L": 0.0764985478038449, "days180_256L": 0.0764985478038449, "days30_165L": 0.0764985478038449, "days360_512L": 0.0764985478038449, "days90_310L": 0.0764985478038449, "description_5085714M": 0.0, "education_1103M": 0.0, "education_88M": 0.0, "firstquarter_103L": 0.0764985478038449, "for3years_128L": 0.9756652178027653, "for3years_504L": 0.9756652178027653, "for3years_584L": 0.9756652178027653, "formonth_118L": 0.9756652178027653, "formonth_206L": 0.9756652178027653, "formonth_535L": 0.9756652178027653, "forquarter_1017L": 0.9756652178027653, "forquarter_462L": 0.9756652178027653, "forquarter_634L": 0.9756652178027653,