{"static_0": {"case_id": 0.0, "actualdpdtolerance_344P": 0.2739176086288694, "amtinstpaidbefduel24m_4187115A": 0.3675601252121421, "annuity_780A": 0.0, "annuitynextmonth_57A": 2.620049008016695e-06, "applicationcnt_361L": 0.0, "applications30d_658L": 0.0, "applicationscnt_1086L": 0.0, "applicationscnt_464L": 0.0, "applicationscnt_629L": 0.0, "applicationscnt_867L": 0.0, "avgdbddpdlast24m_3658932P": 0.4016731632965195, "avgdbddpdlast3m_4187120P": 0.6211297782325018, "avgdbdtollast24m_4525197P": 0.6372319444235205, "avgdpdtolclosure24_3658938P": 0.30602368917310596, "avginstallast24m_3658937A": 0.4093191213141642, "avglnamtstart24m_4525187A": 0.8935533039145497, "avgmaxdpdlast9m_3716943P": 0.49586654518372764, "avgoutstandbalancel6m_4187114A": 0.551000891471675, "avgpmtlast12m_4525200A": 0.6727074079920665, "bankacctype_710L": 0.7268297603506674, "cardtype_51L": 0.8744393913888159, "clientscnt12m_3712952L": 0.0, "clientscnt3m_3712950L": 0.0, "clientscnt6m_3712949L": 0.0, "clientscnt_100L": 0.0, "clientscnt_1022L": 0.0, "clientscnt_1071L": 0.0, "clientscnt_1130L": 0.0, "clientscnt_136L": 0.9997268598909143, "clientscnt_157L": 0.0, "clientscnt_257L": 0.0, "clientscnt_304L": 0.0, "clientscnt_360L": 0.0, "clientscnt_493L": 0.0, "clientscnt_533L": 0.0, "clientscnt_887L": 0.0, "clientscnt_946L": 0.0, "cntincpaycont9m_3716944L": 0.29817205730833196, "cntpmts24_3658933L": 0.30186108631161945, "commnoinclast6m_3546845L": 0.22491876210544517, "credamount_770A": 0.0, "credtype_322L": 6.550122520041737e-07, "currdebt_22A": 2.620049008016695e-06, "currdebtcredtyperange_828A": 2.620049008016695e-06, "datefirstoffer_1144D": 0.5461262902922599, "datelastinstal40dpd_247D": 0.9123475704613054, "datelastunpaid_3546854D": 0.581447170969333, "daysoverduetolerancedd_3976961L": 0.2964716455021291, "deferredmnthsnum_166L": 1.3100245040083475e-05, "disbursedcredamount_1113A": 0.0, "disbursementtype_67L": 0.000569205646991627, "downpmt_116A": 0.0, "dtlastpmtallstes_4499206D": 0.6400432570091223, "eir_270L": 0.12499860809896449, "equalitydataagreement_891L": 0.9488913590128704, "equalityempfrom_62L": 0.9752326767272181, "firstclxcampaign_1125D": 0.5628153474610743, "firstdatedue_489D": 0.3158017120710243, "homephncnt_628L": 0.0, "inittransactionamount_650A": 0.8740391789028413, "inittransactioncode_186L": 6.550122520041737e-07, "interestrate_311L": 0.12499860809896449, "interestrategrace_34L": 0.9863213791413968, "isbidproduct_1095L": 0.0, "isbidproductrequest_292L": 0.99183920235228, "isdebitcard_729L": 0.8740260786578012, "lastactivateddate_801D": 0.29712272768062126, "lastapplicationdate_877D": 0.1998737136378136, "lastapprcommoditycat_1041M": 0.0, "lastapprcommoditytypec_5251766M": 0.0, "lastapprcredamount_781A": 0.2895586461944771, "lastapprdate_640D": 0.2895586461944771, "lastcancelreason_561M": 0.0, "lastdelinqdate_224D": 0.6406052575213419, "lastdependentsnum_448L": 0.9806660033575928, "lastotherinc_902A": 0.9979982825578753, "lastotherlnsexpense_631A": 0.9979969725333713, "lastrejectcommoditycat_161M": 0.0, "lastrejectcommodtypec_5251769M": 0.0, "lastrejectcredamount_222A": 0.5037417574895738, "lastrejectdate_50D": 0.5037417574895738, "lastrejectreason_759M": 0.0, "lastrejectreasonclient_4145040M": 0.0, "lastrepayingdate_696D": 0.9984430358769861, "lastst_736L": 0.1998737136378136, "maininc_215A": 0.33489662924145, "mastercontrelectronic_519L": 0.20045012441957727, "mastercontrexist_109L": 0.20045012441957727, "maxannuity_159A": 0.20045012441957727, "maxannuity_4075009A": 0.950262954668567, "maxdbddpdlast1m_3658939P": 0.6294543289432228, "maxdbddpdtollast12m_3658940P": 0.4621321041810087, "maxdbddpdtollast6m_4187119P": 0.5739898564802655, "maxdebt4_972A": 0.20045012441957727, "maxdpdfrom6mto36m_3546853P": 0.22491876210544517, "maxdpdinstldate_3546855D": 0.5410597705230077, "maxdpdinstlnum_3546846P": 0.5432881222043259, "maxdpdlast12m_727P": 0.20045012441957727, "maxdpdlast24m_143P": 0.20045012441957727, "maxdpdlast3m_392P": 0.20045012441957727, "maxdpdlast6m_474P": 0.20045012441957727, "maxdpdlast9m_1059P": 0.20045012441957727, "maxdpdtolerance_374P": 0.20045012441957727, "maxinstallast24m_3658928A": 0.4093191213141642, "maxlnamtstart6m_4525199A": 0.676551674899079, "maxoutstandbalancel12m_4187113A": 0.5023839170911691, "maxpmtlast3m_4525190A": 0.7397433268989296, "mindbddpdlast24m_3658935P": 0.4016731632965195, "mindbdtollast24m_4525191P": 0.6372319444235205, "mobilephncnt_593L": 0.0, "monthsannuity_845L": 0.29647099048987713, "numactivecreds_622L": 0.0, "numactivecredschannel_414L": 0.0, "numactiverelcontr_750L": 0.0, "numcontrs3months_479L": 0.0, "numincomingpmts_3546848L": 0.2981006609728635, "numinstlallpaidearly3d_817L": 0.29193568565700023, "numinstls_657L": 2.620049008016695e-06, "numinstlsallpaid_934L": 0.29193568565700023, "numinstlswithdpd10_728L": 0.2990268482971974, "numinstlswithdpd5_4187116L": 0.3675601252121421, "numinstlswithoutdpd_562L": 0.2990268482971974, "numinstmatpaidtearly2d_4499204L": 0.55493751510622, "numinstpaid_4499208L": 0.55493751510622, "numinstpaidearly3d_3546850L": 0.2927963717561337, "numinstpaidearly3dest_4493216L": 0.5506504599168528, "numinstpaidearly5d_1087L": 0.29647099048987713, "numinstpaidearly5dest_4493211L": 0.5506504599168528, "numinstpaidearly5dobd_4499205L": 0.55493751510622, "numinstpaidearly_338L": 0.29647099048987713, "numinstpaidearlyest_4493214L": 0.5506504599168528, "numinstpaidlastcontr_4325080L": 0.4383420591882171, "numinstpaidlate1d_3546852L": 0.29647099048987713, "numinstregularpaid_973L": 0.29844847247867773, "numinstregularpaidest_4493210L": 0.5506504599168528, "numinsttopaygr_769L": 0.2964716455021291, "numinsttopaygrest_4493213L": 0.5506504599168528, "numinstunpaidmax_3546851L": 0.2964716455021291, "numinstunpaidmaxest_4493212L": 0.5506504599168528, "numnotactivated_1143L": 0.0, "numpmtchanneldd_318L": 0.0, "numrejects9m_859L": 0.0, "opencred_647L": 0.1998737136378136, "paytype1st_925L": 0.03837454779591652, "paytype_783L": 0.03837454779591652, "payvacationpostpone_4187118D": 0.9938893907010531, "pctinstlsallpaidearl3d_427L": 0.30049735080294676, "pctinstlsallpaidlat10d_839L": 0.30221610295220575, "pctinstlsallpaidlate1d_3546856L": 0.30049735080294676, "pctinstlsallpaidlate4d_3546849L": 0.3012106591453793, "pctinstlsallpaidlate6d_3546844L": 0.3013757222328844, "pmtnum_254L": 0.02944607578884763, "posfpd10lastmonth_333P": 0.05143745713763576, "posfpd30lastmonth_3976960P": 0.08639087594133449, "posfstqpd30lastmonth_3976962P": 0.11863974915650798, "previouscontdistrict_112M": 0.0, "price_1097A": 0.14624065543145984, "sellerplacecnt_915L": 0.0, "sellerplacescnt_216L": 0.0, "sumoutstandtotal_3546847A": 0.29170708638105075, "sumoutstandtotalest_4493215A": 0.5506504599168528, "totaldebt_9A": 1.965036756012521e-06, "totalsettled_863A": 2.620049008016695e-06, "totinstallast1m_4525188A": 0.769140931781129, "twobodfilling_608L": 5.960611493237981e-05, "typesuite_864L": 0.7346067208187129, "validfrom_1069D": 0.9005868254765705}, "static_cb_0": {"case_id": 0.0, "assignmentdate_238D": 0.9086989148849106, "assignmentdate_4527235D": 0.923372827203986, "assignmentdate_4955616D": 0.9522568021294434, "birthdate_574D": 0.5948839242752015, "contractssum_5085716L": 0.8951459727048436, "dateofbirth_337D": 0.07649921425458152, "dateofbirth_342D": 0.9756745481130781, "days120_123L": 0.07649921425458152, "days180_256L": 0.07649921425458152, "days30_165L": 0.07649921425458152, "days360_512L": 0.07649921425458152, "days90_310L": 0.07649921425458152, "description_5085714M": 0.0, "education_1103M": 0.0, "education_88M": 0.0, "firstquarter_103L": 0.07649921425458152, "for3years_128L": 0.9756652178027653, "for3years_504L": 0.9756652178027653, "for3years_584L": 0.9756652178027653, "formonth_118L": 0.9756652178027653, "formonth_206L": 0.9756652178027653, "formonth_535L": 0.9756652178027653, "forquarter_1017L": 0.9756652178027653, "forquarter_462L": 0.9756652178027653, "forquarter_634L": 0.9756652178027653,